Jan,Jan@123
Ruby,Ruby@123
Siva,Siva@123
John,John@123
Digant,Digant@123
Abc,Abc@123
Tom,Tom@123
bnm,Bnm@123
cat,Cat@1234
Abhijit,Abhijit@123
Ram,Ram@123
Koyal,Koyal#123

power,Pow@123
Saswat,Saswat@2003
Trupti,Trupti@123
